date,kind,name,count
2026-06-04,channel,①なんでも雑談・相談,9
2026-06-04,channel,②なんでも雑談・相談,16
2026-06-04,channel,学長連絡・相談室,5
2026-06-04,thread,共創・実践掲示板 › 6/10 18:30 　会場：E03　「現実を否定する座談会」,1
2026-06-04,thread,共創・実践掲示板 › 6/15 19:30オンラインイベント,21
2026-06-04,thread,共創・実践掲示板 › 学長のスタンプを作ろう,7
2026-06-05,channel,①なんでも雑談・相談,9
2026-06-05,channel,②なんでも雑談・相談,4
2026-06-05,thread,共創・実践掲示板 › 6/10 18:30 　会場：E03　「現実を否定する座談会」,2
2026-06-05,thread,共創・実践掲示板 › 6/15 19:30オンラインイベント,10
2026-06-05,thread,共創・実践掲示板 › 6/15 広報,30
2026-06-05,thread,共創・実践掲示板 › 6/15告知画像制作,2
2026-06-05,thread,共創・実践掲示板 › 学長のスタンプを作ろう,9
2026-06-06,channel,①なんでも雑談・相談,2
2026-06-06,thread,共創・実践掲示板 › 6/15 19:30オンラインイベント,3
2026-06-06,thread,共創・実践掲示板 › 6/15 広報,15
2026-06-06,thread,共創・実践掲示板 › 6/15告知画像制作,7
2026-06-06,thread,共創・実践掲示板 › 学長のスタンプを作ろう,4
2026-06-08,channel,②なんでも雑談・相談,1
2026-06-08,thread,共創・実践掲示板 › 6/15告知画像制作,19
2026-06-09,thread,共創・実践掲示板 › 6/15 広報,12
2026-06-09,thread,共創・実践掲示板 › 6/15告知画像制作,4
2026-06-10,channel,②なんでも雑談・相談,6
2026-06-10,thread,共創・実践掲示板 › 6/15進行台本,2
2026-06-11,channel,②なんでも雑談・相談,13
2026-06-11,thread,共創・実践掲示板 › 6/15進行台本,9
2026-06-12,channel,①なんでも雑談・相談,2
2026-06-12,channel,②なんでも雑談・相談,6
2026-06-12,thread,共創・実践掲示板 › 6/15 広報,16
2026-06-12,thread,共創・実践掲示板 › 6/15告知画像制作,7
2026-06-12,thread,共創・実践掲示板 › 6/15進行台本,27
2026-06-12,thread,共創・実践掲示板 › 学長のスタンプを作ろう,13
2026-06-13,thread,共創・実践掲示板 › 6/15進行台本,10
2026-06-13,thread,共創・実践掲示板 › ❤️クリエイターのこだわり・偏愛リファレンス,9
2026-06-13,thread,共創・実践掲示板 › 🌀絶賛沼り中！SOS・質問駆け込み寺,4
2026-06-13,thread,共創・実践掲示板 › 🙌未完成バンザイ！進捗＆ボツ置き場,4
2026-06-14,thread,共創・実践掲示板 › ❤️クリエイターのこだわり・偏愛リファレンス,5
2026-06-14,thread,共創・実践掲示板 › ウェルカムサポート0期生募集中！,1
2026-06-14,thread,共創・実践掲示板 › 🌀絶賛沼り中！SOS・質問駆け込み寺,6
2026-06-14,thread,共創・実践掲示板 › 🙌未完成バンザイ！進捗＆ボツ置き場,6
2026-06-15,channel,①なんでも雑談・相談,9
2026-06-15,channel,②なんでも雑談・相談,1
2026-06-15,thread,共創・実践掲示板 › 6/15 広報,6
2026-06-15,thread,共創・実践掲示板 › DHUで平成のバラエティがやりたい！,4
2026-06-15,thread,共創・実践掲示板 › DHU保健室バナー作成,1
2026-06-15,thread,共創・実践掲示板 › Discordサーバへの要望（可能な限り実現します！）,6
2026-06-15,thread,共創・実践掲示板 › PodCast,6
2026-06-15,thread,共創・実践掲示板 › ❤️クリエイターのこだわり・偏愛リファレンス,2
2026-06-15,thread,共創・実践掲示板 › この音楽いいのよ！,8
2026-06-15,thread,共創・実践掲示板 › ウェルカムサポート0期生募集中！,20
2026-06-15,thread,共創・実践掲示板 › サーバ名アイデア募集スレ,4
2026-06-15,thread,共創・実践掲示板 › デジキャンのUIを使いやすくしたい,7
2026-06-15,thread,共創・実践掲示板 › ラボプロトdiscord支店,6
2026-06-15,thread,共創・実践掲示板 › 一発芸自慢,4
2026-06-15,thread,共創・実践掲示板 › 大喜利,12
2026-06-15,thread,共創・実践掲示板 › 学部生向けの交流サーバー作ったのでぜひ,3
2026-06-15,thread,共創・実践掲示板 › 学長のスタンプを作ろう,3
2026-06-15,thread,共創・実践掲示板 › 🙌未完成バンザイ！進捗＆ボツ置き場,2
2026-06-16,channel,①なんでも雑談・相談,6
2026-06-16,channel,学長目安箱,12
2026-06-16,channel,学長連絡・相談室,12
2026-06-16,thread,共創・実践掲示板 › DHU保健室バナー作成,2
2026-06-16,thread,共創・実践掲示板 › Discordサーバへの要望（可能な限り実現します！）,7
2026-06-16,thread,共創・実践掲示板 › PodCast,6
2026-06-16,thread,共創・実践掲示板 › この音楽いいのよ！,2
2026-06-16,thread,共創・実践掲示板 › サーバ名アイデア募集スレ,2
2026-06-16,thread,共創・実践掲示板 › 大喜利,1
2026-06-16,thread,共創・実践掲示板 › 学長のスタンプを作ろう,5
2026-06-16,thread,共創・実践掲示板 › 🙌未完成バンザイ！進捗＆ボツ置き場,1
2026-06-17,channel,①なんでも雑談・相談,1
2026-06-17,thread,共創・実践掲示板 › Discordサーバへの要望（可能な限り実現します！）,1
2026-06-17,thread,共創・実践掲示板 › この音楽いいのよ！,2
2026-06-17,thread,共創・実践掲示板 › サーバ名アイデア募集スレ,2
2026-06-17,thread,共創・実践掲示板 › デジキャンのUIを使いやすくしたい,12
2026-06-17,thread,共創・実践掲示板 › 🙌未完成バンザイ！進捗＆ボツ置き場,1
2026-06-18,channel,学長目安箱,3
2026-06-18,thread,共創・実践掲示板 › PodCast,1
2026-06-18,thread,共創・実践掲示板 › デジキャンのUIを使いやすくしたい,1
2026-06-18,thread,共創・実践掲示板 › 大喜利,10
2026-06-18,thread,共創・実践掲示板 › 🙌未完成バンザイ！進捗＆ボツ置き場,2
2026-06-19,channel,①なんでも雑談・相談,2
2026-06-19,channel,学長連絡・相談室,4
2026-06-19,thread,共創・実践掲示板 › PodCast,3
2026-06-19,thread,共創・実践掲示板 › 🐙クトゥルフ神話TRPGを遊ぶ🐙,4
2026-06-19,thread,共創・実践掲示板 › 🙌未完成バンザイ！進捗＆ボツ置き場,4
2026-06-20,channel,①なんでも雑談・相談,1
2026-06-20,channel,学長連絡・相談室,1
2026-06-20,thread,共創・実践掲示板 › PodCast,2
2026-06-20,thread,共創・実践掲示板 › この音楽いいのよ！,3
2026-06-20,thread,共創・実践掲示板 › サーバ名アイデア募集スレ,3
2026-06-21,channel,①なんでも雑談・相談,3
2026-06-21,thread,共創・実践掲示板 › この音楽いいのよ！,2
2026-06-22,channel,学長目安箱,1
2026-06-22,thread,共創・実践掲示板 › 7/7 20:00服のことゆるっとはなす会,1
2026-06-22,thread,共創・実践掲示板 › サーバ名アイデア募集スレ,5
2026-06-23,channel,①なんでも雑談・相談,1
2026-06-23,thread,共創・実践掲示板 › 7/7 20:00服のことゆるっとはなす会,1
2026-06-23,thread,共創・実践掲示板 › PodCast,2
2026-06-24,channel,①なんでも雑談・相談,3
2026-06-24,channel,学長連絡・相談室,3
2026-06-24,thread,共創・実践掲示板 › PodCast,2
2026-06-24,thread,共創・実践掲示板 › この音楽いいのよ！,2
2026-06-24,thread,共創・実践掲示板 › サーバ名アイデア募集スレ,2
2026-06-24,thread,共創・実践掲示板 › 現実科学レクチャーをみんなで見よう！,2
2026-06-25,channel,①なんでも雑談・相談,2
2026-06-25,channel,②なんでも雑談・相談,2
2026-06-25,channel,学長目安箱,1
2026-06-25,channel,学長連絡・相談室,1
2026-06-25,thread,共創・実践掲示板 › 7/7 20:00服のことゆるっとはなす会,1
2026-06-25,thread,共創・実践掲示板 › この音楽いいのよ！,3
2026-06-25,thread,共創・実践掲示板 › 現実科学レクチャーをみんなで見よう！,2
2026-06-25,thread,共創・実践掲示板 › 🐙クトゥルフ神話TRPGを遊ぶ🐙,1
2026-06-26,channel,①なんでも雑談・相談,1
2026-06-26,channel,②なんでも雑談・相談,3
2026-06-26,channel,学長連絡・相談室,1
2026-06-26,thread,共創・実践掲示板 › 7/7 20:00服のことゆるっとはなす会,1
2026-06-26,thread,共創・実践掲示板 › この音楽いいのよ！,1
2026-06-26,thread,共創・実践掲示板 › ウェルカムサポート1期生募集中！,2
2026-06-26,thread,共創・実践掲示板 › 大喜利,2
2026-06-26,thread,共創・実践掲示板 › 現実科学レクチャーをみんなで見よう！,2
2026-06-27,channel,学長連絡・相談室,1
2026-06-27,thread,共創・実践掲示板 › 大喜利,1
2026-06-27,thread,共創・実践掲示板 › 学長のスタンプを作ろう,10
2026-06-28,channel,①なんでも雑談・相談,3
2026-06-28,channel,②なんでも雑談・相談,2
2026-06-28,channel,学長連絡・相談室,1
2026-06-28,thread,共創・実践掲示板 › 大喜利,1
2026-06-28,thread,共創・実践掲示板 › 学長のスタンプを作ろう,2
2026-06-29,channel,①なんでも雑談・相談,4
2026-06-29,channel,学長連絡・相談室,2
2026-06-29,thread,共創・実践掲示板 › ラボプロトdiscord支店,3
2026-06-29,thread,共創・実践掲示板 › 大喜利,3
2026-06-29,thread,共創・実践掲示板 › 学長のスタンプを作ろう,1
2026-06-30,channel,学長連絡・相談室,1
2026-06-30,thread,共創・実践掲示板 › PodCast,2
2026-06-30,thread,共創・実践掲示板 › ラボプロトdiscord支店,7
2026-07-01,channel,①なんでも雑談・相談,13
2026-07-01,channel,オンライン保健室,1
2026-07-01,channel,学長目安箱,17
2026-07-01,channel,学長連絡・相談室,1
2026-07-01,thread,共創・実践掲示板 › AI創作&雑談,3
2026-07-01,thread,共創・実践掲示板 › PodCast,4
2026-07-01,thread,共創・実践掲示板 › ウェルカムサポート1期生募集中！,6
2026-07-02,channel,①なんでも雑談・相談,6
2026-07-02,channel,学長目安箱,3
2026-07-02,channel,学長連絡・相談室,3
2026-07-02,thread,共創・実践掲示板 › 現実科学レクチャーをみんなで見よう！,1
2026-07-03,channel,①なんでも雑談・相談,13
2026-07-03,channel,学長目安箱,5
2026-07-03,channel,学長連絡・相談室,3
2026-07-03,channel,宣伝しよう！,1
2026-07-03,thread,共創・実践掲示板 › 7/7 20:00服のことゆるっとはなす会,6
2026-07-03,thread,共創・実践掲示板 › AI創作&雑談,5
2026-07-03,thread,共創・実践掲示板 › アニメ,1
2026-07-03,thread,共創・実践掲示板 › 一発芸自慢,1
2026-07-03,thread,共創・実践掲示板 › 学長野良文庫「NORALY」,3
2026-07-03,thread,共創・実践掲示板 › 映画,5
2026-07-03,thread,共創・実践掲示板 › 漫画,1
2026-07-04,channel,学長目安箱,3
2026-07-04,channel,学長連絡・相談室,2
2026-07-04,channel,宣伝しよう！,3
2026-07-04,thread,共創・実践掲示板 › AI創作&雑談,4
2026-07-04,thread,共創・実践掲示板 › なんか企画したいンゴ,3
2026-07-04,thread,共創・実践掲示板 › 映画,1
2026-07-05,channel,①なんでも雑談・相談,2
2026-07-05,channel,学長連絡・相談室,4
2026-07-05,channel,宣伝しよう！,1
2026-07-05,thread,共創・実践掲示板 › なんか企画したいンゴ,2
2026-07-05,thread,共創・実践掲示板 › アニメ,1
2026-07-05,thread,共創・実践掲示板 › 大喜利,1
2026-07-05,thread,共創・実践掲示板 › 漫画,1
2026-07-06,channel,①なんでも雑談・相談,3
2026-07-06,channel,②なんでも雑談・相談,4
2026-07-06,channel,学長目安箱,1
2026-07-06,channel,学長連絡・相談室,1
2026-07-06,channel,宣伝しよう！,4
2026-07-06,thread,共創・実践掲示板 › AI創作&雑談,1
2026-07-06,thread,共創・実践掲示板 › 「ガス人間」見てる,1
2026-07-06,thread,共創・実践掲示板 › めちゃくちゃレンダリングに時間かかるエクスポートをめれぽと呼ぶスレ,3
2026-07-06,thread,共創・実践掲示板 › デジキャンのUIを使いやすくしたい,2
2026-07-06,thread,共創・実践掲示板 › 学長野良文庫「NORALY」,2
2026-07-07,channel,①なんでも雑談・相談,1
2026-07-07,channel,学長目安箱,2
2026-07-07,channel,学長連絡・相談室,1
2026-07-07,channel,宣伝しよう！,3
2026-07-07,thread,共創・実践掲示板 › 7/7 20:00服のことゆるっとはなす会,4
2026-07-07,thread,共創・実践掲示板 › 「ガス人間」見てる,1
2026-07-07,thread,共創・実践掲示板 › 学長野良文庫「NORALY」,1
2026-07-07,thread,共創・実践掲示板 › 漫画,2
2026-07-08,channel,①なんでも雑談・相談,2
2026-07-08,channel,②なんでも雑談・相談,1
2026-07-08,thread,共創・実践掲示板 › 7/7 20:00服のことゆるっとはなす会,1
2026-07-08,thread,共創・実践掲示板 › 「ガス人間」見てる,1
2026-07-08,thread,共創・実践掲示板 › アニメ,1
2026-07-08,thread,共創・実践掲示板 › 🐙クトゥルフ神話TRPGを遊ぶ🐙,1
2026-07-09,channel,①なんでも雑談・相談,3
2026-07-09,channel,②なんでも雑談・相談,4
2026-07-09,channel,学長目安箱,3
2026-07-09,channel,学長連絡・相談室,2
2026-07-09,thread,共創・実践掲示板 › 7/7 20:00服のことゆるっとはなす会,2
2026-07-09,thread,共創・実践掲示板 › PodCast,3
2026-07-09,thread,共創・実践掲示板 › 漫画,1
2026-07-09,thread,共創・実践掲示板 › 🐙クトゥルフ神話TRPGを遊ぶ🐙,3
2026-07-10,channel,①なんでも雑談・相談,5
2026-07-10,channel,学長連絡・相談室,4
2026-07-10,thread,共創・実践掲示板 › PodCast,1
2026-07-10,thread,共創・実践掲示板 › この音楽いいのよ！,1
2026-07-10,thread,共創・実践掲示板 › 学長野良文庫「NORALY」,1
2026-07-11,channel,①なんでも雑談・相談,9
2026-07-11,channel,②なんでも雑談・相談,1
2026-07-11,channel,学長実験室,5
2026-07-11,thread,共創・実践掲示板 › PodCast,10
2026-07-11,thread,共創・実践掲示板 › この音楽いいのよ！,3
2026-07-11,thread,共創・実践掲示板 › なんか企画したいンゴ,1
2026-07-11,thread,共創・実践掲示板 › 学長野良文庫「NORALY」,3
2026-07-11,thread,共創・実践掲示板 › 漫画,3
2026-07-12,channel,①なんでも雑談・相談,7
2026-07-12,channel,②なんでも雑談・相談,9
2026-07-12,channel,学長実験室,7
2026-07-12,thread,共創・実践掲示板 › PodCast,1
2026-07-12,thread,共創・実践掲示板 › ウェルカムサポート2期生募集中！,1
2026-07-13,channel,①なんでも雑談・相談,3
2026-07-13,channel,学長実験室,4
2026-07-13,thread,共創・実践掲示板 › この音楽いいのよ！,1
2026-07-13,thread,共創・実践掲示板 › 漫画,1
2026-07-14,channel,①なんでも雑談・相談,7
2026-07-14,channel,学長実験室,6
2026-07-14,thread,共創・実践掲示板 › 7/7 20:00服のことゆるっとはなす会,10
2026-07-14,thread,共創・実践掲示板 › DHU登竜門スタッフ募集中！,2
2026-07-14,thread,共創・実践掲示板 › PodCast,2
2026-07-14,thread,共創・実践掲示板 › ラボプロトdiscord支店,7
2026-07-15,channel,①なんでも雑談・相談,1
2026-07-15,channel,学長実験室,12
2026-07-15,channel,学長目安箱,1
2026-07-15,channel,宣伝しよう！,1
2026-07-15,thread,共創・実践掲示板 › 7/7 20:00服のことゆるっとはなす会,3
2026-07-15,thread,共創・実践掲示板 › ラボプロトdiscord支店,1
2026-07-16,channel,①なんでも雑談・相談,12
2026-07-16,channel,②なんでも雑談・相談,2
2026-07-16,channel,学長実験室,6
2026-07-16,channel,学長目安箱,8
2026-07-16,thread,共創・実践掲示板 › 7/7 20:00服のことゆるっとはなす会,5
2026-07-16,thread,共創・実践掲示板 › bot対話ルーム,9
2026-07-16,thread,共創・実践掲示板 › 大喜利,1
2026-07-17,channel,②なんでも雑談・相談,1
2026-07-17,channel,学長実験室,6
2026-07-17,channel,学長目安箱,2
2026-07-17,thread,共創・実践掲示板 › 7/7 20:00服のことゆるっとはなす会,14
2026-07-17,thread,共創・実践掲示板 › bot対話ルーム,18
2026-07-17,thread,共創・実践掲示板 › 漫画,3
2026-07-18,channel,①なんでも雑談・相談,1
2026-07-18,channel,②なんでも雑談・相談,1
2026-07-18,channel,学長実験室,9
2026-07-18,thread,共創・実践掲示板 › PodCast,3
2026-07-18,thread,共創・実践掲示板 › bot対話ルーム,1
2026-07-18,thread,共創・実践掲示板 › この音楽いいのよ！,1
2026-07-18,thread,共創・実践掲示板 › 漫画,1
2026-07-19,channel,学長実験室,7
2026-07-19,channel,学長目安箱,2
2026-07-19,channel,宣伝しよう！,1
2026-07-19,thread,共創・実践掲示板 › bot対話ルーム,6
2026-07-19,thread,共創・実践掲示板 › ラボプロトdiscord支店,4
2026-07-19,thread,共創・実践掲示板 › リアイベVTuberとコラボ展示会を開こう！,2
2026-07-20,channel,学長目安箱,2
2026-07-20,channel,宣伝しよう！,3
2026-07-20,channel,📞公式連絡窓口,1
2026-07-20,thread,共創・実践掲示板 › リアイベVTuberとコラボ展示会を開こう！,8
2026-07-21,channel,学長目安箱,2
2026-07-21,thread,共創・実践掲示板 › 7/7 20:00服のことゆるっとはなす会,9
2026-07-21,thread,共創・実践掲示板 › PodCast,1
2026-07-21,thread,共創・実践掲示板 › bot対話ルーム,2
2026-07-21,thread,共創・実践掲示板 › リアイベVTuberとコラボ展示会を開こう！,5
2026-07-21,thread,共創・実践掲示板 › 現実科学レクチャーをみんなで見よう！,1
2026-07-22,channel,学長実験室,5
2026-07-22,thread,共創・実践掲示板 › PodCast,5
2026-07-22,thread,共創・実践掲示板 › リアイベVTuberとコラボ展示会を開こう！,8
2026-07-23,channel,②なんでも雑談・相談,2
2026-07-23,channel,学長実験室,4
2026-07-23,channel,学長目安箱,3
2026-07-23,channel,宣伝しよう！,1
2026-07-23,thread,共創・実践掲示板 › 7/7 20:00服のことゆるっとはなす会,6
2026-07-23,thread,共創・実践掲示板 › PodCast,4
2026-07-23,thread,共創・実践掲示板 › bot対話ルーム,4
2026-07-23,thread,共創・実践掲示板 › ラボプロトdiscord支店,4
2026-07-23,thread,共創・実践掲示板 › リアイベVTuberとコラボ展示会を開こう！,6
2026-07-24,thread,共創・実践掲示板 › カフェテリア,2
